{"001": {"qnum": 7, "scrambling_fidelity": 0.508, "npy_operator_file": ".//data//001.npy", "bdm_val": 39.02536318911598, "bdm_score": 0.16812511338166605}}