{"0": {"op_npy": ".\\data\\0.npy", "qnum": 7, "fidelity": 0.527, "fid_dict": {"1": 527, "0": 473}, "bdm_val": 3554.763373183966, "bdm_score": 0.1720851745967663}, "1": {"op_npy": ".\\data\\1.npy", "qnum": 9, "fidelity": 0.478, "fid_dict": {"1": 478, "0": 522}, "bdm_val": 3502.5857117441215, "bdm_score": 0.16925194252581657}, "2": {"op_npy": ".\\data\\2.npy", "qnum": 9, "fidelity": 0.477, "fid_dict": {"1": 477, "0": 523}, "bdm_val": 3859.1836340013397, "bdm_score": 0.1869678398960065}, "3": {"op_npy": ".\\data\\3.npy", "qnum": 9, "fidelity": 0.541, "fid_dict": {"1": 541, "0": 459}, "bdm_val": 4851.215740703693, "bdm_score": 0.19388442814176443}, "4": {"op_npy": ".\\data\\4.npy", "qnum": 7, "fidelity": 0.476, "fid_dict": {"1": 476, "0": 524}, "bdm_val": 3610.1723544009856, "bdm_score": 0.1745029416612608}, "5": {"op_npy": ".\\data\\5.npy", "qnum": 9, "fidelity": 0.469, "fid_dict": {"1": 469, "0": 531}, "bdm_val": 3271.5935074595523, "bdm_score": 0.15797786764961502}, "6": {"op_npy": ".\\data\\6.npy", "qnum": 7, "fidelity": 0.448, "fid_dict": {"1": 448, "0": 552}, "bdm_val": 3497.9917717351573, "bdm_score": 0.16902772533286736}, "7": {"op_npy": ".\\data\\7.npy", "qnum": 9, "fidelity": 0.532, "fid_dict": {"1": 532, "0": 468}, "bdm_val": 3434.799289425336, "bdm_score": 0.165943479354175}, "8": {"op_npy": ".\\data\\8.npy", "qnum": 9, "fidelity": 0.532, "fid_dict": {"1": 532, "0": 468}, "bdm_val": 3444.877575373693, "bdm_score": 0.16643537193019273}, "9": {"op_npy": ".\\data\\9.npy", "qnum": 11, "fidelity": 0.499, "fid_dict": {"1": 499, "0": 501}, "bdm_val": 3474.152242792858, "bdm_score": 0.16786418548466647}, "10": {"op_npy": ".\\data\\10.npy", "qnum": 9, "fidelity": 0.485, "fid_dict": {"1": 485, "0": 515}, "bdm_val": 3938.11118258796, "bdm_score": 0.19082649334223317}, "11": {"op_npy": ".\\data\\11.npy", "qnum": 9, "fidelity": 0.472, "fid_dict": {"1": 472, "0": 528}, "bdm_val": 3681.1421967016836, "bdm_score": 0.1779667785406413}, "12": {"op_npy": ".\\data\\12.npy", "qnum": 9, "fidelity": 0.488, "fid_dict": {"1": 488, "0": 512}, "bdm_val": 3873.2020189169357, "bdm_score": 0.18765317841511345}, "13": {"op_npy": ".\\data\\13.npy", "qnum": 11, "fidelity": 0.447, "fid_dict": {"1": 447, "0": 553}, "bdm_val": 3337.237365795345, "bdm_score": 0.16118175834511558}, "14": {"op_npy": ".\\data\\14.npy", "qnum": 7, "fidelity": 0.513, "fid_dict": {"1": 513, "0": 487}, "bdm_val": 3417.5865112296033, "bdm_score": 0.1651033724301895}, "15": {"op_npy": ".\\data\\15.npy", "qnum": 11, "fidelity": 0.461, "fid_dict": {"1": 461, "0": 539}, "bdm_val": 3442.2566827062283, "bdm_score": 0.16630745358651094}, "16": {"op_npy": ".\\data\\16.npy", "qnum": 9, "fidelity": 0.46, "fid_dict": {"1": 460, "0": 540}, "bdm_val": 4555.485499445755, "bdm_score": 0.19030044982740185}, "17": {"op_npy": ".\\data\\17.npy", "qnum": 9, "fidelity": 0.472, "fid_dict": {"1": 472, "0": 528}, "bdm_val": 3663.086153954235, "bdm_score": 0.17738091833654987}, "18": {"op_npy": ".\\data\\18.npy", "qnum": 11, "fidelity": 0.527, "fid_dict": {"1": 527, "0": 473}, "bdm_val": 3742.1796038581497, "bdm_score": 0.18124768245770786}, "19": {"op_npy": ".\\data\\19.npy", "qnum": 7, "fidelity": 0.41, "fid_dict": {"1": 410, "0": 590}, "bdm_val": 5117.178909591153, "bdm_score": 0.18091730320574786}, "20": {"op_npy": ".\\data\\20.npy", "qnum": 11, "fidelity": 0.509, "fid_dict": {"1": 509, "0": 491}, "bdm_val": 3757.1300625706735, "bdm_score": 0.1819785887137211}, "21": {"op_npy": ".\\data\\21.npy", "qnum": 11, "fidelity": 0.511, "fid_dict": {"1": 511, "0": 489}, "bdm_val": 4059.195296150631, "bdm_score": 0.19674612014489695}, "22": {"op_npy": ".\\data\\22.npy", "qnum": 11, "fidelity": 0.531, "fid_dict": {"1": 531, "0": 469}, "bdm_val": 4449.709657290903, "bdm_score": 0.18584753335915474}, "23": {"op_npy": ".\\data\\23.npy", "qnum": 9, "fidelity": 0.472, "fid_dict": {"1": 472, "0": 528}, "bdm_val": 3762.5566333482916, "bdm_score": 0.18224388589331447}, "24": {"op_npy": ".\\data\\24.npy", "qnum": 11, "fidelity": 0.493, "fid_dict": {"1": 493, "0": 507}, "bdm_val": 3467.3807447018726, "bdm_score": 0.16753368785277334}, "25": {"op_npy": ".\\data\\25.npy", "qnum": 7, "fidelity": 0.484, "fid_dict": {"1": 484, "0": 516}, "bdm_val": 3951.934327837765, "bdm_score": 0.1918222641894172}, "26": {"op_npy": ".\\data\\26.npy", "qnum": 9, "fidelity": 0.499, "fid_dict": {"1": 499, "0": 501}, "bdm_val": 3672.697268091326, "bdm_score": 0.17785079177556162}, "27": {"op_npy": ".\\data\\27.npy", "qnum": 9, "fidelity": 0.502, "fid_dict": {"1": 502, "0": 498}, "bdm_val": 3761.699340046103, "bdm_score": 0.1822019740664029}, "28": {"op_npy": ".\\data\\28.npy", "qnum": 9, "fidelity": 0.501, "fid_dict": {"1": 501, "0": 499}, "bdm_val": 3478.8985594762407, "bdm_score": 0.16809583975126977}, "29": {"op_npy": ".\\data\\29.npy", "qnum": 9, "fidelity": 0.464, "fid_dict": {"1": 464, "0": 536}, "bdm_val": 3834.0328101652112, "bdm_score": 0.18573825257436036}, "30": {"op_npy": ".\\data\\30.npy", "qnum": 11, "fidelity": 0.473, "fid_dict": {"1": 473, "0": 527}, "bdm_val": 3308.926270189013, "bdm_score": 0.15979997400013451}, "31": {"op_npy": ".\\data\\31.npy", "qnum": 11, "fidelity": 0.515, "fid_dict": {"1": 515, "0": 485}, "bdm_val": 3403.5670916123113, "bdm_score": 0.16469340754723164}, "32": {"op_npy": ".\\data\\32.npy", "qnum": 9, "fidelity": 0.493, "fid_dict": {"1": 493, "0": 507}, "bdm_val": 4122.8172202816895, "bdm_score": 0.19985650379674014}, "33": {"op_npy": ".\\data\\33.npy", "qnum": 7, "fidelity": 0.498, "fid_dict": {"1": 498, "0": 502}, "bdm_val": 4515.997720277289, "bdm_score": 0.18863810634167144}, "34": {"op_npy": ".\\data\\34.npy", "qnum": 7, "fidelity": 0.461, "fid_dict": {"1": 461, "0": 539}, "bdm_val": 3745.7653344831183, "bdm_score": 0.1814229836305055}, "35": {"op_npy": ".\\data\\35.npy", "qnum": 11, "fidelity": 0.515, "fid_dict": {"1": 515, "0": 485}, "bdm_val": 3380.7536716087566, "bdm_score": 0.16330566590985612}, "36": {"op_npy": ".\\data\\36.npy", "qnum": 9, "fidelity": 0.524, "fid_dict": {"1": 524, "0": 476}, "bdm_val": 3787.670399810571, "bdm_score": 0.18347166153366717}, "37": {"op_npy": ".\\data\\37.npy", "qnum": 11, "fidelity": 0.5, "fid_dict": {"1": 500, "0": 500}, "bdm_val": 3509.1913371122982, "bdm_score": 0.16957434438018054}, "38": {"op_npy": ".\\data\\38.npy", "qnum": 7, "fidelity": 0.439, "fid_dict": {"1": 439, "0": 561}, "bdm_val": 3537.2776494698237, "bdm_score": 0.17094515769180657}, "39": {"op_npy": ".\\data\\39.npy", "qnum": 9, "fidelity": 0.478, "fid_dict": {"1": 478, "0": 522}, "bdm_val": 4446.742671480036, "bdm_score": 0.18598840165931854}, "40": {"op_npy": ".\\data\\40.npy", "qnum": 7, "fidelity": 0.514, "fid_dict": {"1": 514, "0": 486}, "bdm_val": 3775.9551901966774, "bdm_score": 0.18289892191664606}, "41": {"op_npy": ".\\data\\41.npy", "qnum": 7, "fidelity": 0.415, "fid_dict": {"1": 415, "0": 585}, "bdm_val": 3603.9301421390587, "bdm_score": 0.17419827697072687}, "42": {"op_npy": ".\\data\\42.npy", "qnum": 9, "fidelity": 0.543, "fid_dict": {"1": 543, "0": 457}, "bdm_val": 3414.4082992139347, "bdm_score": 0.16494825290852397}, "43": {"op_npy": ".\\data\\43.npy", "qnum": 11, "fidelity": 0.5, "fid_dict": {"1": 500, "0": 500}, "bdm_val": 3796.991284620204, "bdm_score": 0.18423467131848664}, "44": {"op_npy": ".\\data\\44.npy", "qnum": 9, "fidelity": 0.526, "fid_dict": {"1": 526, "0": 474}, "bdm_val": 3517.728799262599, "bdm_score": 0.16999103371319652}, "45": {"op_npy": ".\\data\\45.npy", "qnum": 7, "fidelity": 0.507, "fid_dict": {"1": 507, "0": 493}, "bdm_val": 4821.983850728192, "bdm_score": 0.19270762739931527}, "46": {"op_npy": ".\\data\\46.npy", "qnum": 11, "fidelity": 0.528, "fid_dict": {"1": 528, "0": 472}, "bdm_val": 3709.6953459375395, "bdm_score": 0.17965957417336256}, "47": {"op_npy": ".\\data\\47.npy", "qnum": 9, "fidelity": 0.487, "fid_dict": {"1": 487, "0": 513}, "bdm_val": 3668.2480445960805, "bdm_score": 0.17763327568795478}, "48": {"op_npy": ".\\data\\48.npy", "qnum": 11, "fidelity": 0.488,