{"0": {"op_npy": ".\\data\\0.npy", "qnum": 7, "fidelity": 0.507, "fid_dict": {"1": 507, "0": 493}, "bdm_val": 3650.2816135898474, "bdm_score": 0.17646056093557677}, "1": {"op_npy": ".\\data\\1.npy", "qnum": 9, "fidelity": 0.537, "fid_dict": {"1": 537, "0": 463}, "bdm_val": 4140.057867053955, "bdm_score": 0.20069937402740454}, "2": {"op_npy": ".\\data\\2.npy", "qnum": 9, "fidelity": 0.472, "fid_dict": {"1": 472, "0": 528}, "bdm_val": 3583.742737977096, "bdm_score": 0.17321298698320103}, "3": {"op_npy": ".\\data\\3.npy", "qnum": 9, "fidelity": 0.464, "fid_dict": {"1": 464, "0": 536}, "bdm_val": 3855.394012529769, "bdm_score": 0.1867825707952549}, "4": {"op_npy": ".\\data\\4.npy", "qnum": 7, "fidelity": 0.578, "fid_dict": {"1": 578, "0": 422}, "bdm_val": 3343.247154169096, "bdm_score": 0.16147507908433986}, "5": {"op_npy": ".\\data\\5.npy", "qnum": 9, "fidelity": 0.535, "fid_dict": {"1": 535, "0": 465}, "bdm_val": 3670.564089233376, "bdm_score": 0.17745049109269223}, "6": {"op_npy": ".\\data\\6.npy", "qnum": 9, "fidelity": 0.525, "fid_dict": {"1": 525, "0": 475}, "bdm_val": 3739.390066194896, "bdm_score": 0.18111130600473999}, "7": {"op_npy": ".\\data\\7.npy", "qnum": 9, "fidelity": 0.544, "fid_dict": {"1": 544, "0": 456}, "bdm_val": 3433.7802655312107, "bdm_score": 0.16589374368574156}, "8": {"op_npy": ".\\data\\8.npy", "qnum": 7, "fidelity": 0.492, "fid_dict": {"1": 492, "0": 508}, "bdm_val": 3895.1982449550846, "bdm_score": 0.18872854202295358}, "9": {"op_npy": ".\\data\\9.npy", "qnum": 9, "fidelity": 0.504, "fid_dict": {"1": 504, "0": 496}, "bdm_val": 3520.97469076165, "bdm_score": 0.17043329488927428}}