{"0": {"op_npy": ".\\data\\0.npy", "qnum": 7, "fidelity": 0.598, "fid_dict": {"1": 598, "0": 402}, "bdm_val": 3440.5741889093933, "bdm_score": 0.16622533583235116}, "1": {"op_npy": ".\\data\\1.npy", "qnum": 7, "fidelity": 0.562, "fid_dict": {"1": 562, "0": 438}, "bdm_val": 3439.6602467424827, "bdm_score": 0.1661807289052292}, "2": {"op_npy": ".\\data\\2.npy", "qnum": 9, "fidelity": 0.516, "fid_dict": {"1": 516, "0": 484}, "bdm_val": 3542.783420828307, "bdm_score": 0.1712138787888628}, "3": {"op_npy": ".\\data\\3.npy", "qnum": 9, "fidelity": 0.536, "fid_dict": {"1": 536, "0": 464}, "bdm_val": 3737.331991590775, "bdm_score": 0.18101068972048953}, "4": {"op_npy": ".\\data\\4.npy", "qnum": 7, "fidelity": 0.463, "fid_dict": {"1": 463, "0": 537}, "bdm_val": 3538.4500023836868, "bdm_score": 0.17100237691517023}, "5": {"op_npy": ".\\data\\5.npy", "qnum": 7, "fidelity": 0.491, "fid_dict": {"1": 491, "0": 509}, "bdm_val": 3862.273158287111, "bdm_score": 0.18711888226012363}, "6": {"op_npy": ".\\data\\6.npy", "qnum": 9, "fidelity": 0.509, "fid_dict": {"1": 509, "0": 491}, "bdm_val": 4742.008220507099, "bdm_score": 0.1984361747737356}, "7": {"op_npy": ".\\data\\7.npy", "qnum": 7, "fidelity": 0.46, "fid_dict": {"1": 460, "0": 540}, "bdm_val": 3586.5863312636966, "bdm_score": 0.17335177471298566}, "8": {"op_npy": ".\\data\\8.npy", "qnum": 9, "fidelity": 0.504, "fid_dict": {"1": 504, "0": 496}, "bdm_val": 3559.836269221861, "bdm_score": 0.17262114116718297}, "9": {"op_npy": ".\\data\\9.npy", "qnum": 7, "fidelity": 0.529, "fid_dict": {"1": 529, "0": 471}, "bdm_val": 3567.9170726769985, "bdm_score": 0.1724405811086755}, "10": {"op_npy": ".\\data\\10.npy", "qnum": 9, "fidelity": 0.407, "fid_dict": {"1": 407, "0": 593}, "bdm_val": 3641.4265451734263, "bdm_score": 0.17602837014078426}, "11": {"op_npy": ".\\data\\11.npy", "qnum": 9, "fidelity": 0.473, "fid_dict": {"1": 473, "0": 527}, "bdm_val": 4693.397989387783, "bdm_score": 0.18753109118422007}, "12": {"op_npy": ".\\data\\12.npy", "qnum": 7, "fidelity": 0.453, "fid_dict": {"1": 453, "0": 547}, "bdm_val": 3747.538020298283, "bdm_score": 0.18150964767053018}, "13": {"op_npy": ".\\data\\13.npy", "qnum": 7, "fidelity": 0.483, "fid_dict": {"1": 483, "0": 517}, "bdm_val": 3955.1982387858384, "bdm_score": 0.1916618547523428}, "14": {"op_npy": ".\\data\\14.npy", "qnum": 9, "fidelity": 0.542, "fid_dict": {"1": 542, "0": 458}, "bdm_val": 3446.882978647968, "bdm_score": 0.1665332499808446}, "15": {"op_npy": ".\\data\\15.npy", "qnum": 9, "fidelity": 0.495, "fid_dict": {"1": 495, "0": 505}, "bdm_val": 3624.0598762474588, "bdm_score": 0.17547298018740812}, "16": {"op_npy": ".\\data\\16.npy", "qnum": 7, "fidelity": 0.499, "fid_dict": {"1": 499, "0": 501}, "bdm_val": 3910.086345828453, "bdm_score": 0.18945639969459716}, "17": {"op_npy": ".\\data\\17.npy", "qnum": 7, "fidelity": 0.522, "fid_dict": {"1": 522, "0": 478}, "bdm_val": 3702.643809597432, "bdm_score": 0.17901621133209228}, "18": {"op_npy": ".\\data\\18.npy", "qnum": 9, "fidelity": 0.488, "fid_dict": {"1": 488, "0": 512}, "bdm_val": 3466.0793629070467, "bdm_score": 0.16747017109538823}, "19": {"op_npy": ".\\data\\19.npy", "qnum": 7, "fidelity": 0.432, "fid_dict": {"1": 432, "0": 568}, "bdm_val": 3831.7468194444073, "bdm_score": 0.1856264938015259}, "20": {"op_npy": ".\\data\\20.npy", "qnum": 7, "fidelity": 0.556, "fid_dict": {"1": 556, "0": 444}, "bdm_val": 4534.565828581732, "bdm_score": 0.18941978043254756}, "21": {"op_npy": ".\\data\\21.npy", "qnum": 7, "fidelity": 0.513, "fid_dict": {"1": 513, "0": 487}, "bdm_val": 4753.363343556807, "bdm_score": 0.18994514218695976}, "22": {"op_npy": ".\\data\\22.npy", "qnum": 9, "fidelity": 0.501, "fid_dict": {"1": 501, "0": 499}, "bdm_val": 3410.955550029919, "bdm_score": 0.16477973400568954}, "23": {"op_npy": ".\\data\\23.npy", "qnum": 9, "fidelity": 0.528, "fid_dict": {"1": 528, "0": 472}, "bdm_val": 3527.050685359919, "bdm_score": 0.1704460085560667}, "24": {"op_npy": ".\\data\\24.npy", "qnum": 7, "fidelity": 0.515, "fid_dict": {"1": 515, "0": 485}, "bdm_val": 3664.819892336033, "bdm_score": 0.1774656782930109}, "25": {"op_npy": ".\\data\\25.npy", "qnum": 7, "fidelity": 0.456, "fid_dict": {"1": 456, "0": 544}, "bdm_val": 3549.4161670983676, "bdm_score": 0.17153760433758905}, "26": {"op_npy": ".\\data\\26.npy", "qnum": 9, "fidelity": 0.491, "fid_dict": {"1": 491, "0": 509}, "bdm_val": 3499.8666619088144, "bdm_score": 0.16911923340894264}, "27": {"op_npy": ".\\data\\27.npy", "qnum": 9, "fidelity": 0.518, "fid_dict": {"1": 518, "0": 482}, "bdm_val": 3500.8300256132015, "bdm_score": 0.16916625246125183}, "28": {"op_npy": ".\\data\\28.npy", "qnum": 7, "fidelity": 0.532, "fid_dict": {"1": 532, "0": 468}, "bdm_val": 3609.4176986002108, "bdm_score": 0.17446610905026405}, "29": {"op_npy": ".\\data\\29.npy", "qnum": 9, "fidelity": 0.461, "fid_dict": {"1": 461, "0": 539}, "bdm_val": 3405.2852478037953, "bdm_score": 0.16450298262325216}, "30": {"op_npy": ".\\data\\30.npy", "qnum": 7, "fidelity": 0.471, "fid_dict": {"1": 471, "0": 529}, "bdm_val": 3541.159682307374, "bdm_score": 0.17142010986813414}, "31": {"op_npy": ".\\data\\31.npy", "qnum": 7, "fidelity": 0.479, "fid_dict": {"1": 479, "0": 521}, "bdm_val": 3773.423276029974, "bdm_score": 0.18277514030300354}, "32": {"op_npy": ".\\data\\32.npy", "qnum": 7, "fidelity": 0.547, "fid_dict": {"1": 547, "0": 453}, "bdm_val": 3742.729538733434, "bdm_score": 0.1809726821712106}, "33": {"op_npy": ".\\data\\33.npy", "qnum": 9, "fidelity": 0.554, "fid_dict": {"1": 554, "0": 446}, "bdm_val": 3577.9025741541395, "bdm_score": 0.1732164165923099}, "34": {"op_npy": ".\\data\\34.npy", "qnum": 7, "fidelity": 0.438, "fid_dict": {"1": 438, "0": 562}, "bdm_val": 3637.541261626844, "bdm_score": 0.17613206557756164}, "35": {"op_npy": ".\\data\\35.npy", "qnum": 9, "fidelity": 0.501, "fid_dict": {"1": 501, "0": 499}, "bdm_val": 3797.962081954904, "bdm_score": 0.18397480695608098}, "36": {"op_npy": ".\\data\\36.npy", "qnum": 9, "fidelity": 0.54, "fid_dict": {"1": 540, "0": 460}, "bdm_val": 4806.475235391773, "bdm_score": 0.2011539682220143}, "37": {"op_npy": ".\\data\\37.npy", "qnum": 7, "fidelity": 0.481, "fid_dict": {"1": 481, "0": 519}, "bdm_val": 4434.525521049347, "bdm_score": 0.17710955110605067}, "38": {"op_npy": ".\\data\\38.npy", "qnum": 9, "fidelity": 0.497, "fid_dict": {"1": 497, "0": 503}, "bdm_val": 3738.4031556389564, "bdm_score": 0.1810630573781706}, "39": {"op_npy": ".\\data\\39.npy", "qnum": 7, "fidelity": 0.472, "fid_dict": {"1": 472, "0": 528}, "bdm_val": 3546.880729096747, "bdm_score": 0.1714138567939749}, "40": {"op_npy": ".\\data\\40.npy", "qnum": 9, "fidelity": 0.411, "fid_dict": {"1": 411, "0": 589}, "bdm_val": 3601.2515346656037, "bdm_score": 0.1743579134277842}, "41": {"op_npy": ".\\data\\41.npy", "qnum": 7, "fidelity": 0.535, "fid_dict": {"1": 535, "0": 465}, "bdm_val": 3872.776716845277, "bdm_score": 0.18794589960812297}, "42": {"op_npy": ".\\data\\42.npy", "qnum": 7, "fidelity": 0.473, "fid_dict": {"1": 473, "0": 527}, "bdm_val": 3844.979377241502, "bdm_score": 0.1862734143718527}, "43": {"op_npy": ".\\data\\43.npy", "qnum": 7, "fidelity": 0.512, "fid_dict": {"1": 512, "0": 488}, "bdm_val": 3805.705067637442, "bdm_score": 0.1843533503027709}, "44": {"op_npy": ".\\data\\44.npy", "qnum": 9, "fidelity": 0.498, "fid_dict": {"1": 498, "0": 502}, "bdm_val": 3428.8978399107264, "bdm_score": 0.16565544632764104}, "45": {"op_npy": ".\\data\\45.npy", "qnum": 9, "fidelity": 0.524, "fid_dict": {"1": 524, "0": 476}, "bdm_val": 3435.228191539526, "bdm_score": 0.16624127283043372}, "46": {"op_npy": ".\\data\\46.npy", "qnum": 7, "fidelity": 0.475, "fid_dict": {"1": 475, "0": 525}, "bdm_val": 3832.9413079498495, "bdm_score": 0.1856848906131657}, "47": {"op_npy": ".\\data\\47.npy", "qnum": 9, "fidelity": 0.505, "fid_dict": {"1": 505, "0": 495}, "bdm_val": 3400.2719213359933, "bdm_score": 0.16425829636575748}, "48": {"op_npy": ".\\data\\48.npy", "qnum": 7, "fidelity": 0.461, "fid_dict": {"1": 461,