{"0": {"op_npy": ".\\data\\0.npy", "qnum": 7, "fidelity": 0.493, "fid_dict": {"1": 493, "0": 507}, "bdm_val": 3697.223256365355, "bdm_score": 0.17904983179226552}, "1": {"op_npy": ".\\data\\1.npy", "qnum": 7, "fidelity": 0.46, "fid_dict": {"1": 460, "0": 540}, "bdm_val": 3447.62100164598, "bdm_score": 0.16684713935336545}, "2": {"op_npy": ".\\data\\2.npy", "qnum": 7, "fidelity": 0.545, "fid_dict": {"1": 545, "0": 455}, "bdm_val": 3788.1347392191774, "bdm_score": 0.183188781331919}, "3": {"op_npy": ".\\data\\3.npy", "qnum": 7, "fidelity": 0.499, "fid_dict": {"1": 499, "0": 501}, "bdm_val": 3668.75554279106, "bdm_score": 0.17765808653909712}, "4": {"op_npy": ".\\data\\4.npy", "qnum": 7, "fidelity": 0.513, "fid_dict": {"1": 513, "0": 487}, "bdm_val": 3899.748255909928, "bdm_score": 0.1889509854633704}, "5": {"op_npy": ".\\data\\5.npy", "qnum": 7, "fidelity": 0.494, "fid_dict": {"1": 494, "0": 506}, "bdm_val": 3830.433512849684, "bdm_score": 0.18556228814572603}, "6": {"op_npy": ".\\data\\6.npy", "qnum": 7, "fidelity": 0.495, "fid_dict": {"1": 495, "0": 505}, "bdm_val": 3452.237441087303, "bdm_score": 0.16679458611835557}, "7": {"op_npy": ".\\data\\7.npy", "qnum": 7, "fidelity": 0.551, "fid_dict": {"1": 551, "0": 449}, "bdm_val": 3576.5236168932092, "bdm_score": 0.17314900137059872}, "8": {"op_npy": ".\\data\\8.npy", "qnum": 7, "fidelity": 0.591, "fid_dict": {"1": 591, "0": 409}, "bdm_val": 3700.9678730948463, "bdm_score": 0.17893441362088192}, "9": {"op_npy": ".\\data\\9.npy", "qnum": 7, "fidelity": 0.535, "fid_dict": {"1": 535, "0": 465}, "bdm_val": 3628.8836968767455, "bdm_score": 0.17541618926093341}}